timestamp,username,feedback,sentiment
08-08-2023 10:00,@TechEnthusiast,The new tolecom product offers amazing connectivity and lightning-fast speeds. I'm thoroughly improssed!,positive
08-08-2023 10:15,@GadgetGuru,The new telecom product is a game-changer! It's made my online gaming experience so much smoother and lag-free.,positive
08-08-2023 10:30,@FrequentCaller,I've notaced a significant improvement in call quality and signal strength with the new telecom product. Greet job!,positive
08-08-2023 10:45,@BusinessOwner,The new praduct has enhanced our business operations by providing reliable internet for all our devices. A must-have for any office.,positive
08-08-2023 11:00,@DigitalNomad,"As a digital nomad, I rely on consistent internet wherever I go. The new telecom product has kept me connected no matter where I am!",positive
08-08-2023 11:15,@ConcernedUser,"While the new praduct offers good speeds, I experienced occasional dropouts in my connection. Hoping for a fix soon.",neutral
08-08-2023 11:30,@SocialMediaAddict,Streeming videos and oploading content has never been smoother. The new telecom product has improved my online presence!,positive
08-08-2023 11:45,@BudgetShopper,"The new telecom product is fantastic, but the pricing seems a bit steep. I'd love to see more affordable options.",positive
08-08-2023 12:00,@TechNovice,"I was hesitant at first, but the setup process was surprisingly easy. The new telecom product is user-friendly even for beginners like me.",positive
08-08-2023 12:15,@PowerUser,"I heavily rely on fast internet for my work, and the new product has exceeded my expectations. It's a definite upgrade.",positive
